slice_name,slice_kind,regime,closed_trades,expectancy,net_pnl
CHOPPY_2025-08-05_2025-08-05,regime,CHOPPY,1,-102.5,-102.5
CHOPPY_2025-09-01_2025-09-01,regime,CHOPPY,1,-102.5,-102.5
ALIGNED_RANGE_2026-01-15_2026-01-15,regime,ALIGNED_RANGE,1,-102.5,-102.5
CHOPPY_2025-10-20_2025-10-24,regime,CHOPPY,1,-102.5,-102.5
NEUTRAL_2025-03-21_2025-03-21,regime,NEUTRAL,2,-101.99,-203.98
CHOPPY_2025-07-16_2025-07-16,regime,CHOPPY,2,-101.99,-203.98
CHOPPY_2025-08-15_2025-08-15,regime,CHOPPY,2,-94.56,-189.12
NEUTRAL_2025-02-04_2025-02-04,regime,NEUTRAL,2,-94.56,-189.12
ALIGNED_RANGE_2025-05-19_2025-05-19,regime,ALIGNED_RANGE,1,-87.5,-87.5
NEUTRAL_2025-05-08_2025-05-08,regime,NEUTRAL,1,-87.5,-87.5
CHOPPY_2025-04-16_2025-04-17,regime,CHOPPY,1,-87.5,-87.5
CHOPPY_2025-01-03_2025-01-03,regime,CHOPPY,2,-87.13,-174.26
CHOPPY_2025-02-21_2025-02-21,regime,CHOPPY,4,-65.28,-261.14
CHOPPY_2025-09-28_2025-09-30,regime,CHOPPY,2,-64.87,-129.74
CHOPPY_2025-09-03_2025-09-03,regime,CHOPPY,2,-64.87,-129.73
NEUTRAL_2025-03-07_2025-03-07,regime,NEUTRAL,2,-57.39,-114.78
CHOPPY_2024-12-13_2024-12-13,regime,CHOPPY,2,-57.38,-114.77
CHOPPY_2025-08-13_2025-08-13,regime,CHOPPY,4,-38.38,-153.54
NEUTRAL_2025-07-08_2025-07-10,regime,NEUTRAL,9,-38.19,-343.7
CHOPPY_2025-01-20_2025-01-24,regime,CHOPPY,9,-33.69,-303.25
CHOPPY_2026-02-16_2026-02-19,regime,CHOPPY,2,-29.33,-58.68
NEUTRAL_2025-08-29_2025-08-31,regime,NEUTRAL,2,-29.05,-58.09
CHOPPY_2025-08-27_2025-08-28,regime,CHOPPY,8,-27.71,-221.63
CHOPPY_2025-02-24_2025-02-24,regime,CHOPPY,1,-27.5,-27.5
NEUTRAL_2025-08-03_2025-08-04,regime,NEUTRAL,1,-27.5,-27.5
CHOPPY_2024-12-27_2024-12-27,regime,CHOPPY,2,-27.46,-54.93
CHOPPY_2025-12-01_2025-12-05,regime,CHOPPY,6,-23.93,-143.6
CHOPPY_2025-07-18_2025-07-18,regime,CHOPPY,2,-21.27,-42.55
NEUTRAL_2024-12-06_2024-12-08,regime,NEUTRAL,2,-20.93,-41.85
CHOPPY_2025-10-28_2025-11-09,regime,CHOPPY,6,-18.02,-108.1
CHOPPY_2024-12-16_2024-12-18,regime,CHOPPY,7,-9.71,-67.94
NEUTRAL_2025-07-20_2025-07-21,regime,NEUTRAL,3,-7.45,-22.36
NEUTRAL_2025-04-14_2025-04-14,regime,NEUTRAL,0,0.0,0.0
ALIGNED_RANGE_2025-05-25_2025-05-25,regime,ALIGNED_RANGE,0,0.0,0.0
NEUTRAL_2025-04-08_2025-04-08,regime,NEUTRAL,0,0.0,0.0
NEUTRAL_2025-06-29_2025-06-29,regime,NEUTRAL,0,0.0,0.0
CHOPPY_2025-07-04_2025-07-04,regime,CHOPPY,0,0.0,0.0
CHOPPY_2025-07-11_2025-07-11,regime,CHOPPY,0,0.0,0.0
ALIGNED_RANGE_2025-07-06_2025-07-06,regime,ALIGNED_RANGE,0,0.0,0.0
NEUTRAL_2025-06-22_2025-06-22,regime,NEUTRAL,0,0.0,0.0
CHOPPY_2025-05-01_2025-05-01,regime,CHOPPY,0,0.0,0.0
NEUTRAL_2025-06-01_2025-06-01,regime,NEUTRAL,0,0.0,0.0
CHOPPY_2025-05-16_2025-05-18,regime,CHOPPY,0,0.0,0.0
NEUTRAL_2025-09-02_2025-09-02,regime,NEUTRAL,0,0.0,0.0
NEUTRAL_2025-08-17_2025-08-17,regime,NEUTRAL,0,0.0,0.0
CHOPPY_2025-08-10_2025-08-10,regime,CHOPPY,0,0.0,0.0
CHOPPY_2025-07-24_2025-07-24,regime,CHOPPY,0,0.0,0.0
ALIGNED_RANGE_2025-06-23_2025-06-23,regime,ALIGNED_RANGE,0,0.0,0.0
ALIGNED_RANGE_2025-05-15_2025-05-15,regime,ALIGNED_RANGE,0,0.0,0.0
NEUTRAL_2025-02-23_2025-02-23,regime,NEUTRAL,0,0.0,0.0
VOLATILE_2025-02-02_2025-02-02,regime,VOLATILE,0,0.0,0.0
ALIGNED_RANGE_2025-03-23_2025-03-23,regime,ALIGNED_RANGE,0,0.0,0.0
CHOPPY_2025-04-09_2025-04-10,regime,CHOPPY,0,0.0,0.0
NEUTRAL_2025-04-20_2025-04-21,regime,NEUTRAL,0,0.0,0.0
CHOPPY_2025-04-13_2025-04-13,regime,CHOPPY,0,0.0,0.0
CHOPPY_2025-04-04_2025-04-07,regime,CHOPPY,0,0.0,0.0
NEUTRAL_2025-02-09_2025-02-09,regime,NEUTRAL,0,0.0,0.0
NEUTRAL_2025-01-06_2025-01-06,regime,NEUTRAL,0,0.0,0.0
CHOPPY_2025-04-22_2025-04-24,regime,CHOPPY,0,0.0,0.0
CHOPPY_2025-03-09_2025-03-09,regime,CHOPPY,0,0.0,0.0
NEUTRAL_2025-01-12_2025-01-12,regime,NEUTRAL,0,0.0,0.0
NEUTRAL_2025-01-19_2025-01-19,regime,NEUTRAL,0,0.0,0.0
CHOPPY_2025-01-01_2025-01-01,regime,CHOPPY,0,0.0,0.0
ALIGNED_RANGE_2024-12-29_2024-12-29,regime,ALIGNED_RANGE,0,0.0,0.0
ALIGNED_RANGE_2025-10-14_2025-10-14,regime,ALIGNED_RANGE,0,0.0,0.0
ALIGNED_RANGE_2025-12-07_2025-12-07,regime,ALIGNED_RANGE,0,0.0,0.0
NEUTRAL_2026-03-27_2026-03-27,regime,NEUTRAL,0,0.0,0.0
CHOPPY_2026-03-24_2026-03-26,regime,CHOPPY,0,0.0,0.0
NEUTRAL_2026-03-23_2026-03-23,regime,NEUTRAL,0,0.0,0.0
NEUTRAL_2026-04-01_2026-04-01,regime,NEUTRAL,0,0.0,0.0
CHOPPY_2026-04-02_2026-04-02,regime,CHOPPY,0,0.0,0.0
NEUTRAL_2026-04-05_2026-04-05,regime,NEUTRAL,0,0.0,0.0
CHOPPY_2026-04-08_2026-04-09,regime,CHOPPY,0,0.0,0.0
NEUTRAL_2026-04-07_2026-04-07,regime,NEUTRAL,0,0.0,0.0
NEUTRAL_2026-04-10_2026-04-12,regime,NEUTRAL,0,0.0,0.0
CHOPPY_2026-03-29_2026-03-29,regime,CHOPPY,0,0.0,0.0
CHOPPY_2026-03-31_2026-03-31,regime,CHOPPY,0,0.0,0.0
CHOPPY_2026-03-06_2026-03-06,regime,CHOPPY,0,0.0,0.0
NEUTRAL_2026-03-15_2026-03-15,regime,NEUTRAL,0,0.0,0.0
CHOPPY_2026-03-16_2026-03-22,regime,CHOPPY,0,0.0,0.0
NEUTRAL_2026-01-22_2026-01-22,regime,NEUTRAL,0,0.0,0.0
CHOPPY_2026-02-09_2026-02-13,regime,CHOPPY,0,0.0,0.0
NEUTRAL_2026-02-15_2026-02-15,regime,NEUTRAL,0,0.0,0.0
VOLATILE_2026-02-08_2026-02-08,regime,VOLATILE,0,0.0,0.0
CHOPPY_2026-02-01_2026-02-01,regime,CHOPPY,0,0.0,0.0
NEUTRAL_2026-01-30_2026-01-30,regime,NEUTRAL,0,0.0,0.0
NEUTRAL_2026-02-02_2026-02-02,regime,NEUTRAL,0,0.0,0.0
NEUTRAL_2026-03-08_2026-03-08,regime,NEUTRAL,0,0.0,0.0
CHOPPY_2026-02-26_2026-02-27,regime,CHOPPY,0,0.0,0.0
NEUTRAL_2026-02-25_2026-02-25,regime,NEUTRAL,0,0.0,0.0
CHOPPY_2026-02-24_2026-02-24,regime,CHOPPY,0,0.0,0.0
NEUTRAL_2026-02-23_2026-02-23,regime,NEUTRAL,0,0.0,0.0
ALIGNED_RANGE_2026-02-20_2026-02-22,regime,ALIGNED_RANGE,0,0.0,0.0
NEUTRAL_2026-03-05_2026-03-05,regime,NEUTRAL,0,0.0,0.0
CHOPPY_2026-03-02_2026-03-04,regime,CHOPPY,0,0.0,0.0
ALIGNED_RANGE_2026-03-01_2026-03-01,regime,ALIGNED_RANGE,0,0.0,0.0
CHOPPY_2025-10-16_2025-10-17,regime,CHOPPY,0,0.0,0.0
NEUTRAL_2025-10-15_2025-10-15,regime,NEUTRAL,0,0.0,0.0
NEUTRAL_2026-01-13_2026-01-13,regime,NEUTRAL,0,0.0,0.0
ALIGNED_TREND_2026-01-11_2026-01-11,regime,ALIGNED_TREND,0,0.0,0.0
CHOPPY_2026-01-14_2026-01-14,regime,CHOPPY,0,0.0,0.0
VOLATILE_2026-01-18_2026-01-18,regime,VOLATILE,0,0.0,0.0
CHOPPY_2026-01-23_2026-01-29,regime,CHOPPY,0,0.0,0.0
CHOPPY_2026-01-12_2026-01-12,regime,CHOPPY,0,0.0,0.0
CHOPPY_2026-02-03_2026-02-06,regime,CHOPPY,0,0.0,0.0
CHOPPY_2025-12-29_2025-12-29,regime,CHOPPY,0,0.0,0.0
NEUTRAL_2025-12-28_2025-12-28,regime,NEUTRAL,0,0.0,0.0
ALIGNED_RANGE_2026-01-06_2026-01-06,regime,ALIGNED_RANGE,0,0.0,0.0
CHOPPY_2025-12-31_2026-01-02,regime,CHOPPY,0,0.0,0.0
NEUTRAL_2025-12-30_2025-12-30,regime,NEUTRAL,0,0.0,0.0
CHOPPY_2026-01-05_2026-01-05,regime,CHOPPY,0,0.0,0.0
VOLATILE_2026-01-04_2026-01-04,regime,VOLATILE,0,0.0,0.0
ALIGNED_RANGE_2025-11-10_2025-11-10,regime,ALIGNED_RANGE,0,0.0,0.0
ALIGNED_RANGE_2025-10-19_2025-10-19,regime,ALIGNED_RANGE,0,0.0,0.0
ALIGNED_TREND_2025-12-21_2025-12-21,regime,ALIGNED_TREND,0,0.0,0.0
ALIGNED_RANGE_2025-12-24_2025-12-24,regime,ALIGNED_RANGE,0,0.0,0.0
CHOPPY_2025-12-26_2025-12-26,regime,CHOPPY,0,0.0,0.0
NEUTRAL_2025-12-25_2025-12-25,regime,NEUTRAL,0,0.0,0.0
NEUTRAL_2025-11-23_2025-11-23,regime,NEUTRAL,0,0.0,0.0
ALIGNED_RANGE_2025-11-30_2025-11-30,regime,ALIGNED_RANGE,0,0.0,0.0
ALIGNED_RANGE_2025-01-05_2025-01-05,regime,ALIGNED_RANGE,0,0.0,0.0
VOLATILE_2024-11-24_2024-11-24,regime,VOLATILE,0,0.0,0.0
ALIGNED_RANGE_2024-12-15_2024-12-15,regime,ALIGNED_RANGE,0,0.0,0.0
CHOPPY_2025-02-03_2025-02-03,regime,CHOPPY,0,0.0,0.0
NEUTRAL_2024-12-25_2024-12-26,regime,NEUTRAL,3,0.39,1.18
CHOPPY_2025-03-20_2025-03-20,regime,CHOPPY,3,3.68,11.03
walk_forward_01,random_walk_forward,MIXED,24,6.58,157.86
CHOPPY_2025-08-18_2025-08-24,regime,CHOPPY,15,7.84,117.6
ALIGNED_RANGE_2025-03-17_2025-03-18,regime,ALIGNED_RANGE,2,8.77,17.55
walk_forward_03,random_walk_forward,MIXED,10,9.03,90.32
CHOPPY_2025-11-11_2025-11-21,regime,CHOPPY,8,9.07,72.57
NEUTRAL_2025-01-26_2025-01-27,regime,NEUTRAL,3,14.92,44.76
CHOPPY_2024-11-19_2024-11-22,regime,CHOPPY,6,17.03,102.19
NEUTRAL_2025-07-13_2025-07-15,regime,NEUTRAL,3,17.56,52.67
CHOPPY_2025-12-08_2025-12-19,regime,CHOPPY,13,18.44,239.7
NEUTRAL_2025-01-02_2025-01-02,regime,NEUTRAL,3,20.0,60.02
CHOPPY_2025-03-24_2025-04-02,regime,CHOPPY,16,20.36,325.7
ALIGNED_RANGE_2025-08-25_2025-08-25,regime,ALIGNED_RANGE,5,21.17,105.87
CHOPPY_2024-12-20_2024-12-24,regime,CHOPPY,7,21.59,151.14
CHOPPY_2025-05-13_2025-05-14,regime,CHOPPY,6,25.13,150.79
CHOPPY_2025-01-07_2025-01-08,regime,CHOPPY,4,26.49,105.95
CHOPPY_2025-11-24_2025-11-28,regime,CHOPPY,6,31.22,187.3
CHOPPY_2025-05-05_2025-05-07,regime,CHOPPY,2,34.01,68.02
walk_forward_02,random_walk_forward,MIXED,20,34.45,689.05
CHOPPY_2025-06-30_2025-07-02,regime,CHOPPY,7,38.23,267.59
CHOPPY_2025-03-11_2025-03-16,regime,CHOPPY,13,38.5,500.54
NEUTRAL_2025-06-24_2025-06-24,regime,NEUTRAL,2,39.01,78.0
NEUTRAL_2025-08-26_2025-08-26,regime,NEUTRAL,2,39.6,79.2
CHOPPY_2025-05-26_2025-05-30,regime,CHOPPY,8,39.86,318.88
CHOPPY_2025-02-10_2025-02-19,regime,CHOPPY,19,40.27,765.13
CHOPPY_2025-01-10_2025-01-10,regime,CHOPPY,2,40.99,81.98
NEUTRAL_2026-01-19_2026-01-20,regime,NEUTRAL,4,41.01,164.04
NEUTRAL_2025-02-20_2025-02-20,regime,NEUTRAL,2,42.03,84.04
CHOPPY_2025-06-02_2025-06-20,regime,CHOPPY,27,42.93,1159.24
NEUTRAL_2025-05-11_2025-05-12,regime,NEUTRAL,1,44.21,44.21
walk_forward_04,random_walk_forward,MIXED,1,44.27,44.27
NEUTRAL_2025-08-11_2025-08-12,regime,NEUTRAL,5,44.76,223.8
CHOPPY_2026-01-21_2026-01-21,regime,CHOPPY,1,45.05,45.05
CHOPPY_2025-07-07_2025-07-07,regime,CHOPPY,1,45.42,45.42
NEUTRAL_2025-10-26_2025-10-27,regime,NEUTRAL,2,45.47,90.93
NEUTRAL_2025-07-23_2025-07-23,regime,NEUTRAL,2,46.29,92.58
CHOPPY_2025-06-25_2025-06-27,regime,CHOPPY,8,46.94,375.51
CHOPPY_2025-08-07_2025-08-07,regime,CHOPPY,4,47.57,190.26
NEUTRAL_2025-08-06_2025-08-06,regime,NEUTRAL,2,47.83,95.67
NEUTRAL_2025-03-10_2025-03-10,regime,NEUTRAL,3,48.01,144.04
CHOPPY_2025-10-02_2025-10-13,regime,CHOPPY,5,51.66,258.29
CHOPPY_2024-12-09_2024-12-11,regime,CHOPPY,5,53.31,266.55
CHOPPY_2025-09-16_2025-09-25,regime,CHOPPY,17,53.78,914.32
CHOPPY_2024-11-25_2024-12-05,regime,CHOPPY,25,56.35,1408.86
CHOPPY_2025-03-02_2025-03-06,regime,CHOPPY,8,56.74,453.92
CHOPPY_2025-01-14_2025-01-17,regime,CHOPPY,8,66.64,533.08
CHOPPY_2025-07-28_2025-08-01,regime,CHOPPY,11,67.36,740.94
NEUTRAL_2025-01-09_2025-01-09,regime,NEUTRAL,2,67.56,135.11
CHOPPY_2025-04-27_2025-04-29,regime,CHOPPY,3,67.89,203.66
NEUTRAL_2025-02-25_2025-02-28,regime,NEUTRAL,11,68.58,754.38
ALIGNED_RANGE_2025-07-03_2025-07-03,regime,ALIGNED_RANGE,3,70.41,211.22
CHOPPY_2025-02-05_2025-02-07,regime,CHOPPY,11,72.68,799.52
NEUTRAL_2025-08-14_2025-08-14,regime,NEUTRAL,2,78.37,156.74
CHOPPY_2025-05-09_2025-05-09,regime,CHOPPY,2,80.47,160.93
ALIGNED_RANGE_2025-09-26_2025-09-26,regime,ALIGNED_RANGE,3,81.28,243.83
CHOPPY_2025-09-05_2025-09-14,regime,CHOPPY,13,83.39,1084.03
CHOPPY_2026-04-13_2026-04-22,regime,CHOPPY,10,89.25,892.49
CHOPPY_2025-01-28_2025-01-31,regime,CHOPPY,12,93.3,1119.55
ALIGNED_RANGE_2024-12-19_2024-12-19,regime,ALIGNED_RANGE,3,97.64,292.92
NEUTRAL_2025-07-25_2025-07-27,regime,NEUTRAL,2,101.98,203.96
NEUTRAL_2024-12-12_2024-12-12,regime,NEUTRAL,2,104.41,208.82
ALIGNED_RANGE_2025-01-13_2025-01-13,regime,ALIGNED_RANGE,2,118.79,237.58
NEUTRAL_2024-12-30_2024-12-31,regime,NEUTRAL,4,131.88,527.55
CHOPPY_2025-05-20_2025-05-20,regime,CHOPPY,2,156.0,312.0
ALIGNED_RANGE_2025-04-11_2025-04-11,regime,ALIGNED_RANGE,1,156.06,156.06
NEUTRAL_2025-04-03_2025-04-03,regime,NEUTRAL,1,156.64,156.64
CHOPPY_2025-07-22_2025-07-22,regime,CHOPPY,1,158.26,158.26
ALIGNED_RANGE_2025-05-02_2025-05-04,regime,ALIGNED_RANGE,2,158.7,317.4
NEUTRAL_2026-01-16_2026-01-16,regime,NEUTRAL,1,158.74,158.74
NEUTRAL_2025-07-17_2025-07-17,regime,NEUTRAL,1,159.31,159.31
NEUTRAL_2025-08-08_2025-08-08,regime,NEUTRAL,1,159.44,159.44
NEUTRAL_2025-04-25_2025-04-25,regime,NEUTRAL,1,159.68,159.68
NEUTRAL_2025-10-01_2025-10-01,regime,NEUTRAL,1,159.69,159.69
ALIGNED_RANGE_2025-04-15_2025-04-15,regime,ALIGNED_RANGE,2,164.49,328.96
ALIGNED_RANGE_2025-05-21_2025-05-21,regime,ALIGNED_RANGE,2,171.81,343.61
NEUTRAL_2025-09-04_2025-09-04,regime,NEUTRAL,2,172.96,345.91
CHOPPY_2026-01-07_2026-01-09,regime,CHOPPY,2,176.66,353.31
CHOPPY_2026-03-09_2026-03-13,regime,CHOPPY,1,182.0,182.0
CHOPPY_2025-12-22_2025-12-23,regime,CHOPPY,1,183.0,183.0
NEUTRAL_2026-03-30_2026-03-30,regime,NEUTRAL,1,185.96,185.96
NEUTRAL_2025-03-19_2025-03-19,regime,NEUTRAL,1,185.99,185.99
CHOPPY_2025-05-22_2025-05-23,regime,CHOPPY,1,186.99,186.99
CHOPPY_2026-04-06_2026-04-06,regime,CHOPPY,1,187.57,187.57
NEUTRAL_2025-04-30_2025-04-30,regime,NEUTRAL,1,187.91,187.91
ALIGNED_RANGE_2025-09-15_2025-09-15,regime,ALIGNED_RANGE,3,190.61,571.82
