entry_time,exit_time,symbol,side,system,result,volume,entry_price,exit_price,pnl,position_id,entry_deal,entry_order,exit_deals,magic,comment,duration_minutes
2026-05-15 09:35:59,2026-05-15 09:37:05,XAUUSD,SELL,FLOW_EXP,WIN,0.01,4575.26,4570.81,4.45,8647748780,8257015108,8647748780,8257041806,202404,AQ_FLOW_EXP_FLOW,1.1
2026-05-15 10:20:05,2026-05-15 10:20:32,XAUUSD,SELL,FLOW_EXP,LOSS,0.01,4586.48,4588.68,-2.2,8648512835,8257856187,8648512835,8257868773,202404,AQ_FLOW_EXP_FLOW,0.45
2026-05-15 10:25:07,2026-05-15 10:31:57,XAUUSD,SELL,FLOW_EXP,WIN,0.01,4583.09,4578.77,4.32,8648608182,8257964590,8648608182,8258096050,202404,AQ_FLOW_EXP_FLOW,6.83
2026-05-15 10:35:04,2026-05-15 10:35:18,XAUUSD,SELL,FLOW_EXP,LOSS,0.01,4578.93,4581.58,-2.65,8648770690,8258148851,8648770690,8258154288,202404,AQ_FLOW_EXP_FLOW,0.23
2026-05-15 10:45:03,2026-05-15 10:50:03,XAUUSD,SELL,FLOW_EXP,WIN,0.01,4577.04,4573.31,3.73,8648933438,8258328920,8648933438,8258405199,202404,AQ_FLOW_EXP_FLOW,5.0
2026-05-15 10:50:08,2026-05-15 11:01:00,XAUUSD,SELL,FLOW_EXP,WIN,0.01,4573.29,4567.85,5.44,8649005885,8258408765,8649005885,8258609636,202404,AQ_FLOW_EXP_MOM_,10.87
2026-05-15 11:25:05,2026-05-15 11:30:29,XAUUSD,SELL,FLOW_EXP,WIN,0.01,4559.19,4553.91,5.28,8649691642,8259185796,8649691642,8259292025,202404,AQ_FLOW_EXP_FLOW,5.4
2026-05-15 12:40:07,2026-05-15 12:48:19,XAUUSD,SELL,FLOW_EXP,WIN,0.01,4545.46,4539.66,5.8,8651172725,8260844307,8651172725,8261012520,202404,AQ_FLOW_EXP_FLOW,8.2
2026-05-15 12:50:16,2026-05-15 12:51:02,XAUUSD,SELL,FLOW_EXP,LOSS,0.01,4533.84,4538.72,-4.88,8651402445,8261101498,8651402445,8261132797,202404,AQ_FLOW_EXP_FLOW,0.77
2026-05-15 14:53:14,2026-05-15 14:55:42,XAUUSD,SELL,FLOW_EXP,WIN,0.01,4555.29,4550.31,4.98,8653721610,8263674436,8653721610,8263723948,202404,AQ_FLOW_EXP_FLOW,2.47
2026-05-15 15:15:06,2026-05-15 15:15:35,XAUUSD,SELL,FLOW_EXP,LOSS,0.01,4546.72,4549.77,-3.05,8654136917,8264138732,8654136917,8264153773,202404,AQ_FLOW_EXP_FLOW,0.48
2026-05-15 15:20:05,2026-05-15 15:20:08,XAUUSD,SELL,FLOW_EXP,LOSS,0.01,4549.5,4551.89,-2.39,8654236378,8264248213,8654236378,8264249997,202404,AQ_FLOW_EXP_FLOW,0.05
2026-05-15 15:25:08,2026-05-15 15:26:21,XAUUSD,SELL,FLOW_EXP,LOSS,0.01,4553.31,4557.15,-3.84,8654358339,8264387464,8654358339,8264412525,202404,AQ_FLOW_EXP_FLOW,1.22
2026-05-15 15:35:12,2026-05-15 15:35:28,XAUUSD,SELL,FLOW_EXP,LOSS,0.01,4548.74,4551.2,-2.46,8654549892,8264598699,8654549892,8264604635,202404,AQ_FLOW_EXP_REEN,0.27
2026-05-15 15:40:04,2026-05-15 15:51:40,XAUUSD,SELL,FLOW_EXP,LOSS,0.01,4549.15,4552.58,-3.43,8654645164,8264704680,8654645164,8264974229,202404,AQ_FLOW_EXP_MOM_,11.6
2026-05-15 15:55:08,2026-05-15 15:59:33,XAUUSD,SELL,FLOW_EXP,WIN,0.01,4553.92,4548.07,5.85,8654974085,8265065068,8654974085,8265151253,202404,AQ_FLOW_EXP_FLOW,4.42
2026-05-15 16:00:10,2026-05-15 16:00:35,XAUUSD,SELL,FLOW_EXP,WIN,0.01,4547.02,4541.97,5.05,8655073359,8265176361,8655073359,8265197930,202404,AQ_FLOW_EXP_FLOW,0.42
2026-05-15 16:35:10,2026-05-15 16:37:10,XAUUSD,SELL,FLOW_EXP,WIN,0.01,4541.73,4536.22,5.51,8655935441,8266150983,8655935441,8266223711,202404,AQ_FLOW_EXP_FLOW,2.0
2026-05-15 19:05:07,2026-05-15 19:22:42,XAUUSD,SELL,FLOW_EXP,LOSS,0.01,4534.41,4538.37,-3.96,8659763623,8270440504,8659763623,8270794443,202404,AQ_FLOW_EXP_FLOW,17.58
2026-05-18 10:15:04,2026-05-18 10:20:55,XAUUSD,BUY,FLOW_EXP,LOSS,0.01,4543.82,4539.57,-4.25,8670863930,8282980197,8670863930,8283095844,202404,AQ_FLOW_EXP_FLOW,5.85
2026-05-18 10:25:10,2026-05-18 10:25:59,XAUUSD,SELL,FLOW_EXP,LOSS,0.01,4540.75,4544.68,-3.93,8671025851,8283172491,8671025851,8283196415,202404,AQ_FLOW_EXP_FLOW,0.82
2026-05-18 11:00:14,2026-05-18 11:26:30,XAUUSD,SELL,FLOW_EXP,LOSS,0.01,4548.56,4551.13,-2.57,8671737503,8283994485,8671737503,8284457547,202404,AQ_FLOW_EXP_MOM_,26.27
2026-05-18 11:35:07,2026-05-18 11:53:16,XAUUSD,BUY,FLOW_EXP,WIN,0.01,4550.42,4556.2,5.78,8672310974,8284641026,8672310974,8284994109,202404,AQ_FLOW_EXP_FLOW,18.15
2026-05-18 11:55:01,2026-05-18 12:00:06,XAUUSD,SELL,FLOW_EXP,WIN,0.01,4556.17,4549.93,6.24,8672662091,8285034625,8672662091,8285130929,202404,AQ_FLOW_EXP_FLOW,5.08
2026-05-18 12:05:07,2026-05-18 12:07:12,XAUUSD,SELL,FLOW_EXP,LOSS,0.01,4542.78,4546.41,-3.63,8672875649,8285277598,8672875649,8285335650,202404,AQ_FLOW_EXP_FLOW,2.08
2026-05-18 13:20:03,2026-05-18 13:33:52,XAUUSD,SELL,FLOW_EXP,WIN,0.01,4541.96,4535.74,6.22,8674001183,8286572887,8674001183,8286794140,202404,AQ_FLOW_EXP_MOM_,13.82
2026-05-18 13:50:03,2026-05-18 13:53:42,XAUUSD,SELL,FLOW_EXP,WIN,0.01,4543.28,4538.73,4.55,8674549862,8287203447,8674549862,8287284221,202404,AQ_FLOW_EXP_FLOW,3.65
2026-05-18 14:05:04,2026-05-18 14:09:55,XAUUSD,SELL,FLOW_EXP,WIN,0.01,4538.32,4533.53,4.79,8674816143,8287507262,8674816143,8287584386,202404,AQ_FLOW_EXP_REEN,4.85
2026-05-18 15:00:05,2026-05-18 15:05:20,XAUUSD,SELL,FLOW_EXP,LOSS,0.01,4550.47,4552.87,-2.4,8676142157,8289026745,8676142157,8289161110,202404,AQ_FLOW_EXP_FLOW,5.25
2026-05-18 15:10:09,2026-05-18 15:16:45,XAUUSD,SELL,FLOW_EXP,WIN,0.01,4554.07,4548.86,5.21,8676368514,8289289731,8676368514,8289428419,202404,AQ_FLOW_EXP_MOM_,6.6
2026-05-18 15:20:04,2026-05-18 15:21:00,XAUUSD,SELL,FLOW_EXP,LOSS,0.01,4547.54,4548.74,-1.2,8676564608,8289514571,8676564608,8289542250,202404,AQ_FLOW_EXP_FLOW,0.93
2026-05-18 15:30:07,2026-05-18 15:30:55,XAUUSD,SELL,FLOW_EXP,LOSS,0.01,4550.62,4553.11,-2.49,8676780146,8289756938,8676780146,8289774233,202404,AQ_FLOW_EXP_MOM_,0.8
2026-05-18 15:35:10,2026-05-18 15:35:22,XAUUSD,SELL,FLOW_EXP,LOSS,0.01,4559.6,4561.42,-1.8199999999999998,8676906885,8289900632,8676906885,8289908901,202404,AQ_FLOW_EXP_FLOW,0.2
2026-05-18 15:40:02,2026-05-18 15:41:17,XAUUSD,SELL,FLOW_EXP,LOSS,0.01,4561.05,4562.86,-1.81,8677047444,8290062674,8677047444,8290094194,202404,AQ_FLOW_EXP_REEN,1.25
2026-05-18 15:45:07,2026-05-18 15:45:39,XAUUSD,SELL,FLOW_EXP,LOSS,0.01,4568.85,4571.7,-2.85,8677210613,8290247399,8677210613,8290274346,202404,AQ_FLOW_EXP_FLOW,0.53
2026-05-18 15:50:07,2026-05-18 15:51:30,XAUUSD,SELL,FLOW_EXP,WIN,0.01,4573.12,4569.41,3.71,8677396082,8290459994,8677396082,8290504070,202404,AQ_FLOW_EXP_FLOW,1.38
2026-05-18 16:00:13,2026-05-18 16:00:59,XAUUSD,SELL,FLOW_EXP,LOSS,0.01,4574.04,4575.86,-1.8199999999999998,8677685591,8290793060,8677685591,8290828646,202404,AQ_FLOW_EXP_FLOW,0.77
2026-05-18 16:10:08,2026-05-18 16:10:35,XAUUSD,SELL,FLOW_EXP,LOSS,0.01,4563.64,4565.23,-1.5899999999999999,8677983560,8291132041,8677983560,8291145854,202404,AQ_FLOW_EXP_FLOW,0.45
2026-05-18 16:15:05,2026-05-18 16:18:52,XAUUSD,SELL,FLOW_EXP,WIN,0.01,4567.71,4564.87,2.84,8678099173,8291265744,8678099173,8291349877,202404,AQ_FLOW_EXP_FLOW,3.78
2026-05-18 16:20:04,2026-05-18 16:20:21,XAUUSD,SELL,FLOW_EXP,LOSS,0.01,4565.63,4567.52,-1.8900000000000001,8678195700,8291373393,8678195700,8291378385,202404,AQ_FLOW_EXP_FLOW,0.28
2026-05-18 16:25:03,2026-05-18 16:26:37,XAUUSD,SELL,FLOW_EXP,LOSS,0.01,4572.33,4574.08,-1.75,8678301419,8291496038,8678301419,8291540960,202404,AQ_FLOW_EXP_FLOW,1.57
2026-05-18 16:50:11,2026-05-18 16:50:57,XAUUSD,SELL,FLOW_EXP,LOSS,0.01,4574.05,4576.65,-2.6,8679017697,8292323515,8679017697,8292343086,202404,AQ_FLOW_EXP_FLOW,0.77
2026-05-18 17:05:07,2026-05-18 17:05:54,XAUUSD,SELL,FLOW_EXP,WIN,0.01,4565.93,4561.46,4.47,8679504465,8292875137,8679504465,8292903954,202404,AQ_FLOW_EXP_FLOW,0.78
2026-05-18 17:15:10,2026-05-18 17:15:24,XAUUSD,SELL,FLOW_EXP,LOSS,0.01,4562.41,4565.31,-2.9,8679809104,8293222401,8679809104,8293231108,202404,AQ_FLOW_EXP_FLOW,0.23
2026-05-18 17:20:11,2026-05-18 17:21:12,XAUUSD,SELL,FLOW_EXP,WIN,0.01,4565.95,4561.55,4.4,8679927346,8293359160,8679927346,8293389157,202404,AQ_FLOW_EXP_FLOW,1.02
2026-05-18 17:25:08,2026-05-18 17:27:50,XAUUSD,SELL,FLOW_EXP,LOSS,0.01,4559.47,4562.57,-3.1,8680083043,8293541069,8680083043,8293617831,202404,AQ_FLOW_EXP_FLOW,2.7
2026-05-18 18:15:07,2026-05-18 18:19:16,XAUUSD,SELL,FLOW_EXP,WIN,0.01,4540.67,4534.9,5.77,8681444719,8295102077,8681444719,8295188402,202404,AQ_FLOW_EXP_FLOW,4.15
2026-05-18 18:20:07,2026-05-18 18:40:42,XAUUSD,BUY,FLOW_EXP,WIN,0.01,4536.77,4542.77,6.0,8681543676,8295210813,8681543676,8295677924,202404,AQ_FLOW_EXP_FLOW,20.58
2026-05-18 20:00:03,2026-05-18 20:03:42,XAUUSD,SELL,FLOW_EXP,LOSS,0.01,4549.69,4554.23,-4.54,8683485373,8297427823,8683485373,8297503894,202404,AQ_FLOW_EXP_FLOW,3.65
2026-05-19 09:45:12,2026-05-19 09:46:33,XAUUSD,SELL,FLOW_EXP,WIN,0.01,4550.82,4546.9,3.92,8691871747,8306699921,8691871747,8306721640,202404,AQ_FLOW_EXP_FLOW,1.35
2026-05-19 10:32:21,2026-05-19 10:38:05,XAUUSD,SELL,FLOW_EXP,WIN,0.01,4546.83,4543.63,3.2,8692561637,8307470478,8692561637,8307560295,202404,AQ_FLOW_EXP_FLOW,5.73
2026-05-19 10:40:04,2026-05-19 10:43:46,XAUUSD,SELL,FLOW_EXP,LOSS,0.01,4542.68,4545.09,-2.41,8692676110,8307596902,8692676110,8307659858,202404,AQ_FLOW_EXP_MOM_,3.7
2026-05-19 11:45:12,2026-05-19 11:45:28,XAUUSD,SELL,FLOW_EXP,LOSS,0.01,4543.12,4545.74,-2.62,8693831038,8308915904,8693831038,8308922114,202404,AQ_FLOW_EXP_FLOW,0.27
2026-05-19 12:05:03,2026-05-19 12:22:47,XAUUSD,SELL,FLOW_EXP,LOSS,0.01,4541.35,4543.81,-2.46,8694155959,8309278541,8694155959,8309634278,202404,AQ_FLOW_EXP_REEN,17.73
2026-05-19 13:30:02,2026-05-19 13:37:47,XAUUSD,SELL,FLOW_EXP,LOSS,0.01,4540.34,4543.03,-2.69,8695541393,8310820595,8695541393,8310935555,202404,AQ_FLOW_EXP_FLOW,7.75
2026-05-19 14:10:06,2026-05-19 14:14:38,XAUUSD,SELL,FLOW_EXP,WIN,0.01,4540.97,4536.14,4.83,8696438252,8311839853,8696438252,8311952232,202404,AQ_FLOW_EXP_FLOW,4.53
2026-05-19 14:15:08,2026-05-19 14:16:45,XAUUSD,SELL,FLOW_EXP,LOSS,0.01,4536.18,4539.57,-3.39,8696549128,8311963262,8696549128,8311992019,202404,AQ_FLOW_EXP_FLOW,1.62
2026-05-19 14:30:06,2026-05-19 14:43:30,XAUUSD,SELL,FLOW_EXP,LOSS,0.01,4538.66,4541.81,-3.15,8696768401,8312202497,8696768401,8312411869,202404,AQ_FLOW_EXP_FLOW,13.4
2026-05-19 14:55:07,2026-05-19 14:59:31,XAUUSD,SELL,FLOW_EXP,WIN,0.01,4533.37,4531.08,2.29,8697161736,8312640993,8697161736,8312744670,202404,AQ_FLOW_EXP_FLOW,4.4
2026-05-19 15:00:09,2026-05-19 15:02:04,XAUUSD,SELL,FLOW_EXP,LOSS,0.01,4530.66,4532.93,-2.27,8697271313,8312763651,8697271313,8312826494,202404,AQ_FLOW_EXP_MOM_,1.92
2026-05-19 15:30:03,2026-05-19 15:30:05,XAUUSD,SELL,FLOW_EXP,LOSS,0.01,4542.51,4544.96,-2.45,8697939138,8313509199,8697939138,8313510248,202404,AQ_FLOW_EXP_MOM_,0.03
2026-05-19 16:15:11,2026-05-19 16:17:00,XAUUSD,SELL,FLOW_EXP,WIN,0.01,4525.95,4522.53,3.42,8699100641,8314820243,8699100641,8314863978,202404,AQ_FLOW_EXP_FLOW,1.82
2026-05-19 16:20:01,2026-05-19 16:20:06,XAUUSD,SELL,FLOW_EXP,LOSS,0.01,4517.46,4519.67,-2.21,8699231574,8314969615,8699231574,8314972176,202404,AQ_FLOW_EXP_FLOW,0.08
2026-05-19 16:50:12,2026-05-19 16:50:18,XAUUSD,SELL,FLOW_EXP,LOSS,0.01,4482.59,4483.74,-1.15,8700706969,8316660806,8700706969,8316666724,202404,AQ_FLOW_EXP_FLOW,0.1
2026-05-19 17:25:12,2026-05-19 17:26:13,XAUUSD,SELL,FLOW_EXP,LOSS,0.01,4485.03,4488.46,-3.43,8701872298,8317981647,8701872298,8318012523,202404,AQ_FLOW_EXP_FLOW,1.02
2026-05-20 09:45:07,2026-05-20 09:49:26,XAUUSD,SELL,FLOW_EXP,LOSS,0.01,4467.31,4469.53,-2.22,8713609427,8331124223,8713609427,8331177373,202404,AQ_FLOW_EXP_MOM_,4.32
2026-05-20 10:25:05,2026-05-20 10:30:15,XAUUSD,SELL,FLOW_EXP,LOSS,0.01,4482.11,4484.41,-2.3,8714260678,8331864162,8714260678,8331948442,202404,AQ_FLOW_EXP_FLOW,5.17
2026-05-20 10:35:08,2026-05-20 10:39:38,XAUUSD,SELL,FLOW_EXP,LOSS,0.01,4478.27,4480.78,-2.51,8714439548,8332061394,8714439548,8332154097,202404,AQ_FLOW_EXP_FLOW,4.5
2026-05-20 10:40:03,2026-05-20 10:41:00,XAUUSD,SELL,FLOW_EXP,LOSS,0.01,4480.26,4482.43,-2.17,8714528517,8332164602,8714528517,8332185028,202404,AQ_FLOW_EXP_FLOW,0.95
2026-05-20 10:45:09,2026-05-20 10:47:04,XAUUSD,SELL,FLOW_EXP,WIN,0.01,4481.33,4477.87,3.46,8714615188,8332266263,8714615188,8332302605,202404,AQ_FLOW_EXP_FLOW,1.92
2026-05-20 10:55:08,2026-05-20 11:04:30,XAUUSD,SELL,FLOW_EXP,LOSS,0.01,4477.98,4481.16,-3.18,8714791929,8332459580,8714791929,8332627169,202404,AQ_FLOW_EXP_FLOW,9.37
2026-05-20 11:45:05,2026-05-20 11:46:10,XAUUSD,SELL,FLOW_EXP,LOSS,0.01,4479.88,4482.42,-2.54,8715668829,8333441618,8715668829,8333462649,202404,AQ_FLOW_EXP_FLOW,1.08
2026-05-20 12:05:12,2026-05-20 12:12:24,XAUUSD,SELL,FLOW_EXP,WIN,0.01,4485.21,4480.08,5.13,8715990700,8333808194,8715990700,8333917342,202404,AQ_FLOW_EXP_REEN,7.2
2026-05-20 12:30:10,2026-05-20 12:30:39,XAUUSD,SELL,FLOW_EXP,LOSS,0.01,4474.02,4477.89,-3.87,8716345268,8334207692,8716345268,8334221346,202404,AQ_FLOW_EXP_FLOW,0.48
2026-05-20 12:35:11,2026-05-20 12:52:09,XAUUSD,SELL,FLOW_EXP,LOSS,0.01,4481.58,4485.87,-4.29,8716441664,8334317540,8716441664,8334554276,202404,AQ_FLOW_EXP_FLOW,16.97
2026-05-22 12:05:03,2026-05-22 12:14:14,XAUUSD,SELL,FLOW_EXP,WIN,0.01,4523.93,4518.92,5.01,8755809727,8376576295,8755809727,8376701652,202404,AQ_FLOW_EXP_SRT_,9.18
2026-05-22 12:15:11,2026-05-22 12:18:46,XAUUSD,SELL,FLOW_EXP,LOSS,0.01,4516.46,4519.19,-2.73,8755959670,8376724768,8755959670,8376788659,202404,AQ_FLOW_EXP_SRT_,3.58
2026-05-22 13:30:08,2026-05-22 13:32:31,XAUUSD,SELL,FLOW_EXP,WIN,0.01,4525.02,4521.48,3.54,8757177441,8377923525,8757177441,8377974810,202404,AQ_FLOW_EXP_SRT_,2.38
2026-05-22 13:35:08,2026-05-22 13:36:30,XAUUSD,SELL,FLOW_EXP,LOSS,0.01,4518.64,4520.36,-1.72,8757290304,8378035431,8757290304,8378062166,202404,AQ_FLOW_EXP_SRT_,1.37
2026-05-22 13:50:11,2026-05-22 13:51:13,XAUUSD,SELL,FLOW_EXP,LOSS,0.01,4513.28,4514.87,-1.5899999999999999,8757613791,8378354519,8757613791,8378372094,202404,AQ_FLOW_EXP_SRT_,1.03
2026-05-22 13:55:13,2026-05-22 14:06:39,XAUUSD,BUY,FLOW_EXP,WIN,0.01,4513.54,4517.05,3.51,8757697073,8378435947,8757697073,8378608125,202404,AQ_FLOW_EXP_ZRR_,11.43
2026-05-22 14:30:03,2026-05-22 14:31:00,XAUUSD,SELL,FLOW_EXP,LOSS,0.01,4512.12,4514.23,-2.11,8758176849,8378905835,8758176849,8378921610,202404,AQ_FLOW_EXP_SRT_,0.95
2026-05-22 14:45:14,2026-05-22 14:47:39,XAUUSD,SELL,FLOW_EXP,LOSS,0.01,4521.69,4523.98,-2.29,8758443999,8379169533,8758443999,8379207628,202404,AQ_FLOW_EXP_SRT_,2.42
2026-05-22 15:05:09,2026-05-22 15:06:25,XAUUSD,SELL,FLOW_EXP,LOSS,0.01,4520.61,4523.3,-2.69,8758766365,8379486089,8758766365,8379503418,202404,AQ_FLOW_EXP_ZRR_,1.27
2026-05-22 15:10:06,2026-05-22 15:11:12,XAUUSD,SELL,FLOW_EXP,LOSS,0.01,4519.82,4521.92,-2.1,8758838168,8379556248,8758838168,8379572447,202404,AQ_FLOW_EXP_SRT_,1.1
2026-05-22 15:30:14,2026-05-22 15:31:41,XAUUSD,BUY,FLOW_EXP,LOSS,0.01,4523.05,4521.2,-1.85,8759374764,8380087580,8759374764,8380111576,202404,AQ_FLOW_EXP_ZRR_,1.45
2026-05-25 10:10:21,2026-05-25 10:11:08,XAUUSD,SELL,FLOW_EXP,LOSS,0.01,4562.78,4563.88,-1.1,8772865934,8393369502,8772865934,8393381193,202404,AQ_FLOW_EXP_ZRR_,0.78
2026-05-25 14:05:10,2026-05-25 14:14:25,XAUUSD,BUY,FLOW_EXP,WIN,0.01,4568.83,4572.21,3.38,8776201199,8396626463,8776201199,8396741950,202404,AQ_FLOW_EXP_ZRR_,9.25
2026-05-25 15:20:13,2026-05-25 15:23:40,XAUUSD,BUY,FLOW_EXP,WIN,0.01,4554.54,4556.49,1.95,8777614319,8398017948,8777614319,8398099118,202404,AQ_FLOW_EXP_VZ_M,3.45
2026-05-25 15:40:10,2026-05-25 15:43:07,XAUUSD,BUY,FLOW_EXP,LOSS,0.01,4569.28,4567.34,-1.94,8778095409,8398490697,8778095409,8398536023,202404,AQ_FLOW_EXP_VZ_E,2.95
2026-05-25 15:45:18,2026-05-25 15:46:34,XAUUSD,BUY,FLOW_EXP,WIN,0.01,4565.66,4567.85,2.19,8778194673,8398587292,8778194673,8398617213,202404,AQ_FLOW_EXP_VZ_E,1.27
2026-05-25 16:10:05,2026-05-25 16:10:23,XAUUSD,BUY,FLOW_EXP,LOSS,0.01,4568.3,4567.54,-0.76,8778642430,8399024477,8778642430,8399029317,202404,AQ_FLOW_EXP_ZRR_,0.3
2026-05-26 11:05:17,2026-05-26 11:06:06,XAUUSD,BUY,FLOW_EXP,LOSS,0.01,4535.93,4534.19,-1.74,8789370529,8409435484,8789370529,8409447130,202404,AQ_FLOW_EXP_VZ_H,0.82
2026-05-26 11:15:14,2026-05-26 11:25:45,XAUUSD,BUY,FLOW_EXP,LOSS,0.01,4528.34,4526.17,-2.17,8789525761,8409586566,8789525761,8409721787,202404,AQ_FLOW_EXP_VZ_H,10.52
2026-05-26 11:30:09,2026-05-26 11:34:31,XAUUSD,BUY,FLOW_EXP,LOSS,0.01,4521.89,4520.24,-1.65,8789760113,8409815064,8789760113,8409887335,202404,AQ_FLOW_EXP_VZ_M,4.37
2026-05-26 12:00:07,2026-05-26 12:07:49,XAUUSD,BUY,FLOW_EXP,LOSS,0.01,4524.06,4522.52,-1.54,8790191734,8410232272,8790191734,8410323407,202404,AQ_FLOW_EXP_VZ_M,7.7
2026-05-26 12:10:18,2026-05-26 12:13:58,XAUUSD,BUY,FLOW_EXP,LOSS,0.01,4523.72,4522.12,-1.6,8790315199,8410350818,8790315199,8410385791,202404,AQ_FLOW_EXP_VZ_E,3.67
2026-05-26 12:30:05,2026-05-26 12:30:30,XAUUSD,BUY,FLOW_EXP,LOSS,0.01,4525.12,4523.22,-1.9,8790624796,8410651044,8790624796,8410656723,202404,AQ_FLOW_EXP_DPB_,0.42
2026-05-26 13:00:16,2026-05-26 13:03:45,XAUUSD,BUY,FLOW_EXP,LOSS,0.01,4522.16,4520.37,-1.79,8791157302,8411168763,8791157302,8411217211,202404,AQ_FLOW_EXP_VZ_E,3.48
2026-05-26 15:00:14,2026-05-26 15:08:27,XAUUSD,BUY,FLOW_EXP,WIN,0.01,4506.88,4510.74,3.86,8793422022,8413374865,8793422022,8413517660,202404,AQ_FLOW_EXP_VZ_H,8.22
2026-05-26 15:15:11,2026-05-26 15:15:41,XAUUSD,BUY,FLOW_EXP,WIN,0.01,4511.48,4514.63,3.15,8793703444,8413649830,8793703444,8413664292,202404,AQ_FLOW_EXP_VZ_M,0.5
2026-05-26 15:50:07,2026-05-26 15:50:50,XAUUSD,BUY,FLOW_EXP,LOSS,0.01,4521.67,4518.41,-3.26,8794435713,8414365676,8794435713,8414383207,202404,AQ_FLOW_EXP_ZRR_,0.72
2026-05-26 20:30:10,2026-05-26 20:36:43,XAUUSD,BUY,FLOW_EXP,LOSS,0.01,4500.66,4497.56,-3.1,8799288340,8419110927,8799288340,8419228771,202404,AQ_FLOW_EXP_ZRR_,6.55
2026-06-02 11:15:16,2026-06-02 11:16:17,XAUUSD,BUY,FLOW_EXP,LOSS,0.01,4535.3,4533.42,-1.88,8884590994,8501625284,8884590994,8501641177,202404,AQ_FLOW_EXP_ZRR_,1.02
2026-06-02 11:25:15,2026-06-02 11:26:41,XAUUSD,BUY,FLOW_EXP,LOSS,0.01,4534.06,4532.79,-1.27,8884746157,8501768505,8884746157,8501787024,202404,AQ_FLOW_EXP_ZRR_,1.43
2026-06-02 11:40:14,2026-06-02 11:48:46,XAUUSD,BUY,FLOW_EXP,LOSS,0.01,4530.08,4528.16,-1.92,8884981235,8501986403,8884981235,8502103735,202404,AQ_FLOW_EXP_ZRR_,8.53
2026-06-02 13:00:06,2026-06-02 13:03:19,XAUUSD,BUY,FLOW_EXP,LOSS,0.01,4530.18,4528.02,-2.16,8886189538,8503164258,8886189538,8503201337,202404,AQ_FLOW_EXP_MOM_,3.22
2026-06-02 14:20:08,2026-06-02 14:47:46,XAUUSD,BUY,FLOW_EXP,LOSS,0.01,4527.82,4526.0,-1.8199999999999998,8887189838,8504149748,8887189838,8504488602,202404,AQ_FLOW_EXP_ZRR_,27.63
